epoch,time,train/box_loss,train/cls_loss,train/dfl_loss,metrics/precision(B),metrics/recall(B),metrics/mAP50(B),metrics/mAP50-95(B),val/box_loss,val/cls_loss,val/dfl_loss,lr/pg0,lr/pg1,lr/pg2
1,25.1204,1.18024,3.43136,1.05897,0.00957,0.99291,0.11356,0.08086,0.63276,3.49496,0.85731,0.00015719,0.00015719,0.00015719
2,35.2207,0.79751,1.92483,0.9466,0.5199,0.5764,0.5127,0.40632,0.56301,2.96893,0.82461,0.000324022,0.000324022,0.000324022
3,41.8031,0.67466,0.97389,0.90698,1,0.22728,0.9051,0.75702,0.60002,2.58229,0.83933,0.000486003,0.000486003,0.000486003
4,48.4236,0.62548,0.76443,0.89556,1,0.54568,0.97357,0.84745,0.53496,2.12947,0.85454,0.000643134,0.000643134,0.000643134
5,54.8881,0.6041,0.68633,0.90834,1,0.54665,0.9819,0.87174,0.51341,1.95233,0.86989,0.000795414,0.000795414,0.000795414
6,61.4412,0.58145,0.70753,0.9325,0.9971,0.67741,0.84548,0.77989,0.43264,1.84354,0.82653,0.000942844,0.000942844,0.000942844
7,74.6879,0.54307,0.64223,0.89326,0.99676,0.83817,0.96021,0.85118,0.49401,1.62342,0.85998,0.00108542,0.00108542,0.00108542
8,99.8573,0.56401,0.64002,0.91741,0.97049,0.87147,0.98004,0.8701,0.49491,1.18037,0.86127,0.00122315,0.00122315,0.00122315
9,125.127,0.50219,0.60259,0.89322,0.98815,0.97448,0.99167,0.91161,0.40263,0.71034,0.83568,0.00126732,0.00126732,0.00126732
10,150.792,0.51724,0.57846,0.89479,0.96539,0.96667,0.98669,0.88824,0.44846,0.75069,0.8371,0.00124711,0.00124711,0.00124711
11,176.446,0.48363,0.59226,0.89684,0.98173,0.99936,0.995,0.92292,0.39161,0.53439,0.8323,0.0012269,0.0012269,0.0012269
12,201.765,0.47663,0.53961,0.87951,0.99739,1,0.995,0.91971,0.41029,0.51624,0.83133,0.00120669,0.00120669,0.00120669
13,227.463,0.47303,0.53976,0.87584,0.99671,1,0.995,0.92535,0.39856,0.48185,0.8227,0.00118648,0.00118648,0.00118648
14,252.96,0.45567,0.53105,0.86611,0.99771,0.99796,0.995,0.931,0.37173,0.48002,0.82174,0.00116627,0.00116627,0.00116627
15,278.457,0.47392,0.51729,0.88424,0.9973,1,0.995,0.92434,0.39358,0.49343,0.83391,0.00114606,0.00114606,0.00114606
16,304.221,0.46818,0.52457,0.87853,0.99342,0.99816,0.995,0.94608,0.35911,0.46899,0.80747,0.00112585,0.00112585,0.00112585
17,329.713,0.47538,0.50671,0.89124,0.99581,0.99753,0.995,0.92917,0.34127,0.45038,0.81621,0.00110564,0.00110564,0.00110564
18,354.504,0.44386,0.48038,0.88896,0.99672,0.99897,0.995,0.93728,0.3624,0.45268,0.82342,0.00108543,0.00108543,0.00108543
19,379.622,0.44204,0.48958,0.88199,0.99451,0.99899,0.995,0.94999,0.33104,0.42938,0.81086,0.00106522,0.00106522,0.00106522
20,404.55,0.42343,0.47047,0.86521,0.99778,1,0.995,0.91525,0.38703,0.43078,0.83017,0.00104501,0.00104501,0.00104501
21,429.263,0.42172,0.45167,0.86287,0.99711,0.99844,0.995,0.96145,0.30382,0.39212,0.80404,0.0010248,0.0010248,0.0010248
22,453.61,0.41386,0.44663,0.85237,0.9964,1,0.995,0.916,0.38063,0.42252,0.82427,0.00100459,0.00100459,0.00100459
23,478.793,0.42502,0.46653,0.85861,0.9974,1,0.995,0.94822,0.33653,0.39243,0.81042,0.000984377,0.000984377,0.000984377
24,506.419,0.43063,0.45447,0.8664,0.99842,1,0.995,0.95958,0.31885,0.37546,0.81034,0.000964167,0.000964167,0.000964167
25,527.413,0.40118,0.42571,0.87601,0.99773,1,0.995,0.95274,0.3373,0.36986,0.8113,0.000943957,0.000943957,0.000943957
26,550.169,0.40781,0.43578,0.86019,0.99719,0.99904,0.995,0.95022,0.293,0.37307,0.81135,0.000923746,0.000923746,0.000923746
27,575.252,0.37852,0.42177,0.85843,0.99721,1,0.995,0.94476,0.35187,0.37315,0.8147,0.000903536,0.000903536,0.000903536
28,600.419,0.40216,0.43131,0.88317,0.99825,1,0.995,0.96438,0.27122,0.36477,0.79733,0.000883326,0.000883326,0.000883326
29,625.531,0.38245,0.42145,0.86202,0.9969,1,0.995,0.96273,0.28629,0.3651,0.80431,0.000863116,0.000863116,0.000863116
30,650.786,0.38722,0.40255,0.85209,0.99695,1,0.995,0.95714,0.33544,0.40307,0.81561,0.000842906,0.000842906,0.000842906
31,676.04,0.38795,0.40329,0.84497,0.99816,1,0.995,0.9643,0.26219,0.34506,0.80185,0.000822696,0.000822696,0.000822696
32,701.175,0.38449,0.41092,0.85777,0.99641,1,0.995,0.94049,0.32976,0.36854,0.814,0.000802486,0.000802486,0.000802486
33,726.328,0.3777,0.4264,0.8639,0.99773,1,0.995,0.97615,0.24101,0.32579,0.79807,0.000782275,0.000782275,0.000782275
34,751.452,0.39079,0.40441,0.86643,0.99792,1,0.995,0.96013,0.30098,0.331,0.80249,0.000762065,0.000762065,0.000762065
35,776.529,0.37409,0.38536,0.86619,0.99767,1,0.995,0.97725,0.22223,0.30502,0.78894,0.000741855,0.000741855,0.000741855
36,801.742,0.37568,0.39122,0.86107,0.99811,1,0.995,0.95776,0.32053,0.34609,0.80328,0.000721645,0.000721645,0.000721645
37,826.925,0.37144,0.38709,0.85252,0.9981,1,0.995,0.97576,0.22812,0.3004,0.78831,0.000701435,0.000701435,0.000701435
38,852.393,0.35532,0.37341,0.86167,0.99796,1,0.995,0.96953,0.29999,0.31384,0.80326,0.000681225,0.000681225,0.000681225
39,877.784,0.3661,0.36964,0.85314,0.99762,1,0.995,0.9673,0.29264,0.32612,0.79869,0.000661015,0.000661015,0.000661015
40,902.904,0.35414,0.37496,0.84961,0.99839,1,0.995,0.9779,0.25585,0.29673,0.79358,0.000640804,0.000640804,0.000640804
41,927.891,0.34699,0.36107,0.85622,0.99797,1,0.995,0.96361,0.27144,0.29227,0.79348,0.000620594,0.000620594,0.000620594
42,953.009,0.33427,0.34696,0.83915,0.99716,1,0.995,0.96846,0.26268,0.29995,0.79189,0.000600384,0.000600384,0.000600384
43,977.998,0.35567,0.37741,0.87031,0.99799,1,0.995,0.97455,0.23841,0.28815,0.78998,0.000580174,0.000580174,0.000580174
44,1003.02,0.33877,0.35893,0.86495,0.99833,1,0.995,0.97216,0.26412,0.29865,0.79605,0.000559964,0.000559964,0.000559964
45,1028.15,0.34497,0.34824,0.84714,0.99761,1,0.995,0.95763,0.33344,0.29833,0.81017,0.000539754,0.000539754,0.000539754
46,1053.45,0.35301,0.35542,0.84555,0.99663,1,0.995,0.97999,0.22043,0.2754,0.78996,0.000519544,0.000519544,0.000519544
47,1063.89,0.34859,0.34391,0.84381,0.99728,1,0.995,0.97601,0.24283,0.27934,0.7931,0.000499333,0.000499333,0.000499333
48,1071.39,0.35384,0.3456,0.84852,0.99752,1,0.995,0.96816,0.2848,0.296,0.79709,0.000479123,0.000479123,0.000479123
49,1098.96,0.35557,0.35382,0.85946,0.99711,1,0.995,0.98147,0.21279,0.26811,0.78426,0.000458913,0.000458913,0.000458913
50,1124.03,0.34008,0.34634,0.85117,0.9978,1,0.995,0.96816,0.27764,0.28078,0.79459,0.000438703,0.000438703,0.000438703
51,1149.37,0.30894,0.32051,0.82643,0.9979,1,0.995,0.95196,0.3211,0.29293,0.80409,0.000418493,0.000418493,0.000418493
52,1174.63,0.34851,0.33592,0.84474,0.99766,1,0.995,0.9755,0.21645,0.26012,0.78561,0.000398283,0.000398283,0.000398283
53,1199.96,0.33418,0.32629,0.83954,0.9979,1,0.995,0.97467,0.2207,0.26861,0.78428,0.000378073,0.000378073,0.000378073
54,1225.31,0.32837,0.33816,0.8409,0.99808,1,0.995,0.95825,0.31044,0.28053,0.80111,0.000357862,0.000357862,0.000357862
55,1250.58,0.32438,0.32614,0.85621,0.99822,1,0.995,0.97875,0.23856,0.26039,0.78663,0.000337652,0.000337652,0.000337652
56,1275.92,0.34018,0.32844,0.83671,0.99845,1,0.995,0.98101,0.18956,0.24366,0.77939,0.000317442,0.000317442,0.000317442
57,1301.56,0.32791,0.32246,0.83622,0.99842,1,0.995,0.98074,0.22271,0.25931,0.78539,0.000297232,0.000297232,0.000297232
58,1326.77,0.31307,0.31807,0.84372,0.99861,1,0.995,0.97972,0.21812,0.25926,0.78513,0.000277022,0.000277022,0.000277022
59,1352.12,0.31151,0.31584,0.83929,0.99804,1,0.995,0.97612,0.22745,0.26233,0.7869,0.000256812,0.000256812,0.000256812
60,1377.4,0.29496,0.30663,0.85026,0.99764,1,0.995,0.97128,0.2306,0.26263,0.78847,0.000236602,0.000236602,0.000236602
61,1395.02,0.25189,0.28736,0.8093,0.99825,1,0.995,0.97639,0.22986,0.27108,0.78688,0.000216391,0.000216391,0.000216391
62,1419.46,0.25887,0.2909,0.80504,0.99864,1,0.995,0.98078,0.20242,0.26146,0.78337,0.000196181,0.000196181,0.000196181
63,1444.29,0.26011,0.28434,0.81624,0.99812,1,0.995,0.97342,0.24583,0.25631,0.78877,0.000175971,0.000175971,0.000175971
64,1468.88,0.23968,0.26738,0.79247,0.99845,1,0.995,0.97492,0.25339,0.25443,0.79116,0.000155761,0.000155761,0.000155761
65,1494.16,0.2369,0.26465,0.80698,0.99838,1,0.995,0.97603,0.22418,0.2459,0.78629,0.000135551,0.000135551,0.000135551
66,1519.17,0.23807,0.2643,0.80022,0.99827,1,0.995,0.97849,0.21567,0.24981,0.78395,0.000115341,0.000115341,0.000115341
67,1544.34,0.23804,0.26734,0.79732,0.99835,1,0.995,0.97658,0.21967,0.24691,0.78346,9.51306e-05,9.51306e-05,9.51306e-05
68,1569.2,0.24271,0.25954,0.80523,0.99856,1,0.995,0.97546,0.22383,0.24292,0.78268,7.49204e-05,7.49204e-05,7.49204e-05
69,1594.32,0.23767,0.26403,0.7998,0.99863,1,0.995,0.97611,0.22072,0.23967,0.78273,5.47103e-05,5.47103e-05,5.47103e-05
70,1619.27,0.22372,0.25241,0.80886,0.99865,1,0.995,0.97685,0.22589,0.2401,0.78447,3.45001e-05,3.45001e-05,3.45001e-05
